SET NAMES utf8;
SET FOREIGN_KEY_CHECKS = 0;

CREATE TABLE `accessories` (
  `id` int(11) NOT NULL auto_increment,
  `accessory` varchar(255) NOT NULL,
  `price` decimal(8,0) default NULL,
  `image` varchar(255) default NULL,
  `width` int(11) default NULL,
  `height` int(11) default NULL,
  PRIMARY KEY  (`id`)
) ENGINE=InnoDB AUTO_INCREMENT=3 DEFAULT CHARSET=latin1;

insert into `accessories` values('1','Test Accessory 1','3330','category_image_fpo.gif','59','54'),
 ('2','Test Accessory 2','3330','category_image_fpo.gif','59','54');

CREATE TABLE `links` (
  `id` int(11) NOT NULL auto_increment,
  `position` int(11) default NULL,
  `url` varchar(255) default NULL,
  `title` varchar(255) default NULL,
  `desc` text,
  `logo_image` varchar(255) default NULL,
  `logo_width` int(11) default NULL,
  `logo_height` int(11) default NULL,
  PRIMARY KEY  (`id`)
) ENGINE=InnoDB AUTO_INCREMENT=13 DEFAULT CHARSET=latin1;

insert into `links` values('1','1','www.cleanupoil.com','Cleanupoil.com','The most comprehensive International Directory of Oil Spill Cleanup Contractors and Response Organizations (OSRO\'s), Pollution Cleanup Contractors and related service companies','clean_up_oil_logo.gif','44','18'),
 ('2','2','www.intertanko.com','Intertanko','The International Association of Independent Tanker Owners','intertanko_logo.gif','44','7'),
 ('3','3','www.itopf.com/index2.html','ITOPF','The International Tanker Owner?s Pollution Federation','itopf_logo.gif','44','17'),
 ('4','4','www.msrc.org','MSRC: Marine Spill Response Corporation ','An independent, non-profit, national\rcompany dedicated to rapid spill response.','msrc_logo.jpg','44','15'),
 ('5','5','www.ohmsett.com','OHMSETT: Oil and Hazardous Materials Simulated Environmental Test Tank','The only\rfacility where full-scale oil spill response equipment testing, research, and training can be\rconducted in a marine environment with oil under controlled environmental conditions.',null,null,null),
 ('6','6','www.oil-spill-web.com','Oil Spill Web / The International Oil Spill Information and Resource Center',null,null,null,null),
 ('7','7','www.osha.gov','OSHA: U.S. Department of Labor - Occupational Safety & Health Administration',null,'osha_seal.jpg','44','44'),
 ('8','8','www.osha.gov/html/faq-hazwoper.html','OSHA HAZWOPER Standards - FAQs',null,null,null,null),
 ('9','9','www.uscg.mil/hq/g-m/gmhome.htm','U.S. Coast Guard - Marine Safety and Environmental Protection',null,'coast_guard_logo.jpg','44','28'),
 ('10','10','www.epa.gov/oilspill/overview.htm','U.S. EPA Oil Program Overview',null,'epa_seal.gif','44','43'),
 ('11','11','www.epa.gov/oilspill/pdfbook.htm','U.S. EPA: Understanding Oil Spills and Oil Spill Response',null,null,null,null),
 ('12','12','www.scaa-spill.org','Spill Control Association of America',null,'scaa_logo.gif','44','16');

CREATE TABLE `product_accessories` (
  `id` int(11) NOT NULL auto_increment,
  `product_id` int(11) NOT NULL,
  `accessory_id` int(11) NOT NULL,
  `position` int(11) default NULL,
  PRIMARY KEY  (`id`)
) ENGINE=InnoDB DEFAULT CHARSET=latin1;


CREATE TABLE `product_categories` (
  `id` int(11) NOT NULL auto_increment,
  `position` int(11) NOT NULL,
  `category` varchar(255) NOT NULL,
  `active` tinyint(1) NOT NULL,
  `permalink` varchar(50) default NULL,
  `content` text,
  `image` varchar(255) default NULL,
  `image_width` int(11) default NULL,
  `image_height` int(11) default NULL,
  `image_alt` varchar(50) default NULL,
  `short_desc` varchar(255) default NULL,
  `show_subcategories` tinyint(1) default NULL,
  PRIMARY KEY  (`id`)
) ENGINE=InnoDB AUTO_INCREMENT=7 DEFAULT CHARSET=latin1;

insert into `product_categories` values('1','1','ACME Containment Booms','1','containment','<p>ACME floating containment booms are manufactured from a variety of extremely durable, flexible thermoplastic fabrics. These fabrics are dielectrically sealed to form enclosures for flotation logs and the galvanized chain ballast that also serves as a tension member. These are connected by a skirt that extends below the surface of the water, providing a flexible floating barrier.</p>\n						<img src=\"/images/containment_booms_diagram.gif\" width=\"580\" height=\"221\" alt=\"\" style=\"display: block; margin-bottom: 20px;\" />\n						<h4>ACME Boom &amp; Baffle Fabrics: <a href=\"/fabrics\" title=\"ACME Boom &amp; Baffle Fabrics\">Click here</a></h4>\n						<p>ACME offers various combinations of flotation diameters, skirt lengths, chain ballast sizes, fabric types, top tension cable sizes and types, and end couplers. If you don&#8217;t see what you&#8217;re looking for here, simply contact ACME.</p>\n						<p>All ACME Booms can be manufactured in any lengths to fit specific requirements.</p>\n						<h4 style=\"margin-bottom: 20px;\"><a href=\"/accessory\" title=\"Boom Accessories\">Boom Accessories</a></h4>','containment_booms_thumb.jpg','59','54','For position only',null,'0'),
 ('2','2','ACME Floating Baffles & Barriers','1','baffles-curtains','<a id=\"top\"></a>\n					<div style=\"overflow: auto;\">\n						<div style=\"float: left;\">\n							<ul style=\"list-style: disc inside;  margin-top: 20px;\">\n								<li><a href=\"#baffles\" title=\"\">Floating Baffles</a></li>\n								<li><a href=\"#curtains\" title=\"\">Floating Turbidity / Sediment Curtains</a></li>\n								<li><a href=\"#curtainServices\" title=\"\">ACME Baffle &amp; Barrier Services</a></li>\n							</ul>\n							<h4 style=\"margin: 20px 0;\">ACME Floating Baffles</h4>\n							<ul style=\"list-style: disc inside;\">\n								<li>Eliminate chanlleing or short-circuiting</li>\n								<li>Improve retention times</li>\n								<li>Reduce BOD and suspended solids</li>\n								<li>Increase oxygen exchange when using aerators</li>\n								<li>Increase a logoo&#8217;s efficiency</li>\n								<li>Custom-built for municipal and industrial wastewater treatment systems</li>\n							</ul>\n						</div>\n						<img src=\"/images/baffles_top_image.jpg\" width=\"198\" height=\"126\" alt=\"\" style=\"display: block; float: right;\" />\n					</div>\n					<a id=\"baffles\"></a>\n					<table cellpadding=\"0\" cellspacing=\"0\" border=\"0\" style=\"font-size: 11px; margin: 20px 0;\">\n						<tr>\n							<td><img src=\"/images/baffles_flow_diagram.jpg\" width=\"132\" height=\"130\" alt=\"\" /></td>\n							<td>\n								<table cellpadding=\"0\" cellspacing=\"0\" border=\"0\" style=\"width: 100%;\">\n									<tr>\n										<td colspan=\"2\" style=\"padding-bottom: 10px; font-size: 12px;\">ACME custom-manufactured floating baffles offer an easy, flexible, economical way to improve the efficiency and effectiveness of any waste water treatment process using lagoons for surface control of floating materials, cooling ponds, settling basins or oxidation ponds.</td>\n									</tr>\n									<tr>\n										<td style=\"text-align: center; padding-left: 30px;\"><img src=\"/images/baffles_short_circulating_diagram.jpg\" width=\"129\" height=\"52\" alt=\"\" style=\"display: block; margin: 0 auto 6px auto;\" /></td>\n										<td style=\"text-align: center; padding-left: 30px;\"><img src=\"/images/baffles_side_to_side_diagram.jpg\" width=\"127\" height=\"52\" alt=\"\" style=\"display: block; margin: 0 auto;\" /></td>\n									</tr>\n									<tr>\n										<td style=\"text-align: center; font-weight: bold; padding-left: 30px;\">Short-Circuiting</td>\n										<td style=\"text-align: center; font-weight: bold; padding-left: 30px;\">Side-to-Side Diversion</td>\n									</tr>\n								</table>\n							</td>\n						</tr>\n						<tr>\n							<td colspan=\"2\" style=\"padding: 10px 0;\">ACME baffles create side-to-side or flow patterns that increase retention time and eliminate short-circuiting or channeling. Top-to-bottom flow patterns can alos be created for a turnover effect.</td>\n						</tr>\n						<tr>\n							<td style=\"\">&nbsp;</td>\n							<td>\n								<table cellpadding=\"0\" cellspacing=\"0\" border=\"0\" style=\"width: 100%;\">\n									<tr>\n										<td style=\"text-align: center;\"><img src=\"/images/baffles_flow_through_diagram.jpg\" width=\"127\" height=\"52\" alt=\"\" style=\"display: block; margin: 0 auto 6px auto;\" /></td>\n										<td style=\"text-align: center;\"><img src=\"/images/baffles_top_to_bottom_diagram.jpg\" width=\"134\" height=\"52\" alt=\"\" style=\"display: block; margin: 0 auto;\" /></td>\n									</tr>\n									<tr>\n										<td style=\"text-align: center; font-weight: bold;\">Flow-Through Window Diversion</td>\n										<td style=\"text-align: center; font-weight: bold;\">Top-to-Bottom Mixing</td>\n									</tr>\n								</table>\n							</td>\n						</tr>\n						<tr>\n							<td colspan=\"2\" style=\"padding: 10px 0;\">Baffles can be easily relocated with a lagoon as changing needs or conditions require. Flow-thru windows can be added, relocated or modified for any flow variation.</td>\n						</tr>\n						<tr>\n							<td colspan=\"2\" style=\"font-weight: bold; color: #124c92;\">Built for Long-Lasting, Low-Maintenance Performance</td>\n						</tr>\n						<tr>\n							<td colspan=\"2\" style=\"padding: 10px 0;\">Our floating baffles are manufactured from a variety of rugged, long-lasting thermoplastic coated - not laminated - reinforced fabrics. These fabrics are dielectrically sealed to form enclosures for flotation logs at the surface and a chain at the lagoon bottom. Tension cables may be included to provide added strength and eliminate arcing.</td>\n						</tr>\n						<tr>\n							<td colspan=\"2\">\n								<table cellpadding=\"0\" cellspacing=\"0\" border=\"0\">\n									<tr>\n										<td style=\"padding-right: 10px\"><img src=\"/images/baffles_components_thumb.jpg\" width=\"43\" height=\"56\" alt=\"\" /></td>\n										<td>\n											<ul style=\"list-style: none; font-size: 12px; color: #124c92;\">\n												<li>Floating Baffles Main Components: <a href=\"#\" title=\"\">Click here</a></li>\n												<li>ACME Boom &amp; Baffles Fabrics: <a href=\"/fabrics\" title=\"\">Click here</a></li>\n												<li>Request A Quote: <a href=\"/request_quote\" title=\"\">Click here</a></li>\n											</ul>\n										</td>\n									</tr>\n								</table>\n							</td>\n						</tr>\n						<tr>\n							<td colspan=\"2\" style=\"padding-top: 10px;\"><a href=\"#top\" style=\"color: #124c92;\">[Top]</a></td>\n						</tr>\n					</table>\n					<a id=\"curtains\"></a>\n					<h5 style=\"color: #124c92; margin: 20px 0 10px 0;\">Floating Turbidity / Sediment Curatins</h5>\n					<p>Federal and State regulations require that turbidity and sediment be controlled. The Clean Water Act and the NPDES (National Pollution Discharge Elimination System) have made Federal and State agencies enforce these laws.</p>\n					<p>The most efficient method of compliance is through the use of floating turbidity screens or curtains.</p>\n					<p>ACME Environmental has been manufacturing Turbidity / Silt Curtains for many years, We can custom manufacture to meet your needs.</p>\n					<p>ACME Turbidity Curtains or Screens are made to control silt and sediment in the water. They are used at pipeline crossing construction sites, marine construction and demolition sites, discharge locations, home construction sites, in dredging operations and remediation projects.</p>\n					<p>There are two basic types of turbidity curtains: one with a solid fabric skirt and one with a filter screen skirt.</p>\n					<ul style=\"list-style: none; font-size: 12px; color: #124c92;\">\n						<li>ACME Boom &amp; Baffles Fabrics: <a href=\"#\" title=\"\">Click here</a></li>\n						<li>Request A Quote: <a href=\"/request_quote\" title=\"\">Click here</a></li>\n						<li><a href=\"#top\" style=\"color: #124c92; font-weight: normal; font-size: 11px; display: block; margin-top: 10px;\">[Top]</a></li>\n					</ul>\n					<a id=\"curtainServices\"></a>\n					<h5 style=\"color: #124c92; margin: 20px 0 10px 0;\">ACME Floating Baffle / Turbidity Curtain Services</h5>\n					<img src=\"/images/using_baffles.jpg\" width=\"198\" height=\"131\" alt=\"\" style=\"display: block; float: right; margin: 0 0 30px 10px\" />\n					<ul style=\"list-style: disc inside; margin: 20px 0;\">\n						<li>Site inspections / consultation / application recommendations</li>\n						<li>Installation supervision</li>\n						<li>Turnkey installation</li>\n						<li>Maintenance &amp; repair training</li>\n						<li>Design for unique applications</li>\n					</ul>\n					<p>ACME Baffles are fully customized to meet specific need and applications. Hence we do not keep them in inventory. But because our baffles are custom-tailored, new ideas and configurations are no problem. To calculate the total cost of a given job, simply send us a sketch and specifications for the design you have in mind. We&#8217;ll get back to you with a quote immediately.</p>\n					<p>Or simply give us a call: <strong>918-836-7184</strong> (24-Hr.)<br />FAX: 918-836-9197.</p>\n					<p>Click here to send us an e-mail: <strong><a href=\"#\" title=\"\">Contact ACME</a></strong>.</p>\n					<p>Final drawings and complete specifications will be submitted for your approval prior to production.</p>\n					<p><a href=\"#top\" style=\"color: #124c92; font-weight: normal; font-size: 11px;\">[Top]</a></p>','floating_baffles_curtains_thumb.jpg','59','54','For position only',null,'0'),
 ('3','3','ACME Sorbents','1','sorbents','<ul style=\"list-style: disc inside; padding-left: 12px;\">\n	<li>Competitive prices</li>\n	<li>Many products are in stock & ready to ship</li>\n</ul>\n<p>For many products: Same-Day / Next-Day delivery within 50 miles of Tulsa, OK</p>\n<table cellpadding=\"4\" cellspacing=\"0\" class=\"categories\">\n	<tr>\n		<td class=\"image\"><img src=\"/images/sorbents_chemical_compatibility.jpg\" width=\"59\" height=\"54\" alt=\"\" /></td>\n		<td class=\"desc\"><strong>Chemical Compatibility Guide for Sorbents:</strong> <a href=\"/downloads/ACME_ChemCompatibility.pdf\" title=\"\">Click here</a></td>\n	</tr>\n</table>','sorbents_thumb.jpg','59','54','For position only',null,'1'),
 ('4','4','Spill Kits','1','spill-kits','<ul>\n	<li>Competitive prices</li>\n	<li>Many products are in stock & ready to ship</li>\n</ul>\n<p>Same-day / Next day delivery for many products: OK, KS, AR</p>','spill_kits_thumb.jpg','59','54','For position only',null,'0'),
 ('5','5','ACME Skimmers & Pumps','1','skimmers-pumps','<a id=\"top\"></a>\n					<div style=\"margin-bottom: 30px; overflow: auto;\">\n						<ul style=\"list-style: disc inside; font-size: .875em;\">\n							<li><a href=\"#drum\" title=\"\">Drum Skimmers</a></li>\n							<li><a href=\"#disc\" title=\"\">Disc Skimmers</a></li>\n							<li><a href=\"#mop\" title=\"\">Mop Skinners</a></li>\n							<li><a href=\"#pumps\" title=\"\">Pumps</a></li>\n						</ul>\n					</div>\n					<a id=\"drum\"></a>\n					<h4>Drum Skimmers</h4>\n					<table cellpadding=\"0\" cellspacing=\"0\" border=\"0\" style=\"margin-bottom: 20px;\">\n						<tr>\n							<td style=\"padding-right: 30px;\"><img src=\"/images/drum_skimmer1.jpg\" width=\"198\" height=\"126\" alt=\"\" /></td>\n							<td><img src=\"/images/drum_skimmer2.jpg\" width=\"198\" height=\"126\" alt=\"\" /></td>\n						</tr>\n					</table>\n					<p>These Drum Skimmers are designed for both portability and extreme durability on the toughest jobs. Various 18\" diameter oleophilic drums are capable of recovering hydrocarbons at rates of up to 200 gallons per minute. The easily deployable unit is ideal for inland and marsh spills, since it is capable of operating in extremely shallow waters. Both air-driven and hydraulic-driven models are available.</p>\n					<p>For a quote on the drum skimmer you need, simply give us a call: <strong>918-836-7184</strong></p>\n					<p>Or send us an e-mail: <a href=\"#\" title=\"\">Click here</a></p>\n					<a href=\"#top\" title=\"\" style=\"font-size: 11px; color: #124c98;\">[Top]</a>\n					\n					<a id=\"disc\"></a>\n					<h4 style=\"margin-top: 40px;\">Disc Skimmers</h4>\n					<table cellpadding=\"0\" cellspacing=\"0\" border=\"0\" style=\"width: 100%; margin-bottom: 20px; font-size: 13px;\">\n						<tr>\n							<td><img src=\"/images/disc_skimmer1.jpg\" width=\"197\" height=\"108\" alt=\"\" /></td>\n							<td><img src=\"/images/disc_skimmer2.jpg\" width=\"200\" height=\"92\" alt=\"\" /></td>\n						</tr>\n						<tr>\n							<td width=\"50%\" style=\"padding: 10px 10px 0 0;\">\n								<p style=\"font-size: 13px;\">ACME offers a complete line of oleophilic Disc Skimmers for removing floating hydrocarbons in a wide variety of accidental spill or industrial water treatment applications. These disc skimmers are extremely durable skimming systems combining oil collection devices and a recovered oil pump into one, single-point lift unit - intended for the tougher recovery of medium and viscous crudes.</p>\n								<p style=\"font-size: 13px;\">For a quote on the drum skimmer you need, simply give us a call: <strong>918-836-7184</strong></p>\n								<p style=\"font-size: 13px;\">Or send us an e-mail: <a href=\"#\" title=\"\">Click here</a></p>\n								<a href=\"#top\" title=\"\" style=\"font-size: 11px; color: #124c98;\">[Top]</a>\n							</td>\n							<td style=\"padding-top: 10px;\"><img src=\"/images/disc_skimmer3.jpg\" width=\"197\" height=\"119\" alt=\"\" /></td>\n						</tr>\n					</table>\n					\n					<a id=\"mop\"></a>\n					<h4 style=\"margin-top: 40px;\">Mop Skimmers</h4>\n					<table cellpadding=\"0\" cellspacing=\"0\" border=\"0\" style=\"width: 100%; margin-bottom: 20px; font-size: 13px;\">\n						<tr>\n							<td><img src=\"/images/mop_skimmer1.jpg\" width=\"198\" height=\"158\" alt=\"\" /></td>\n							<td><img src=\"/images/mop_skimmer2.jpg\" width=\"199\" height=\"146\" alt=\"\" /></td>\n						</tr>\n						<tr>\n							<td width=\"50%\" style=\"padding: 10px 10px 0 0;\">\n								<ul style=\"list-style: disc outside; padding-left: 12px;\">\n									<li>Small Portable Type for Sumps</li>\n									<li>Medium Skimmers for Small Areas with a Single Drum Pulley</li>\n									<li>Large Skimmers for Larger Surface Area with Multiple Pulleys</li>\n									<li>Large Multiple Rope Model for Handling Over the Side of a Vessel</li>\n								</ul>\n								<p style=\"font-size: 13px;\">These oleophilic mop skimmers have been proven effective in thousands of applications worldwide and are ideal for recovering high oil/water ratios in the most adverse conditions. THis versatile concept id efficient in shallow areas as well as and in open seas, in tropical or arctic climates and in a complete range of oil viscosities.</p>\n								<p style=\"font-size: 13px;\">For a quote on the drum skimmer you need, simply give us a call: <strong>918-836-7184</strong></p>\n								<p style=\"font-size: 13px;\">Or send us an e-mail: <a href=\"#\" title=\"\">Click here</a></p>\n								<a href=\"#top\" title=\"\" style=\"font-size: 11px; color: #124c98;\">[Top]</a>\n							</td>\n							<td style=\"padding-top: 10px;\"><img src=\"/images/mop_skimmer3.jpg\" width=\"199\" height=\"139\" alt=\"\" /></td>\n						</tr>\n					</table>\n					\n					<a id=\"pumps\"></a>\n					<h4 style=\"margin-top: 40px;\">Pumps</h4>\n					<table cellpadding=\"0\" cellspacing=\"0\" border=\"0\">\n						<tr>\n							<td style=\"width: 50%; padding-right: 10px;\">\n								<p>ACME offers a complete line of Honda High Pressure Portable Pumps and High Volume Transfer Pumps - as well as hoses of various sizes and types, and tapered nozzles with quick couplers for these high pressure pumps.</p>\n								<p style=\"font-size: 13px;\">For a quote on the drum skimmer you need, simply give us a call: <strong>918-836-7184</strong></p>\n								<p style=\"font-size: 13px;\">Or send us an e-mail: <a href=\"#\" title=\"\">Click here</a></p>\n								<a href=\"#top\" title=\"\" style=\"font-size: 11px; color: #124c98;\">[Top]</a>\n							</td>\n							<td><img src=\"/images/pump.jpg\" width=\"198\" height=\"195\" alt=\"\" /></td>\n						</tr>\n					</table>','skimmer_thumb.jpg','59','54','For position only',null,'0'),
 ('6','6','Additional Products & Accessories','1','additional-products','<ul>\n	<li>Competitive prices</li>\n	<li>Many products are in stock & ready to ship</li>\n</ul>\n<p>Same-day / Next day delivery for many products: OK, KS, AR</p>','additional_products_thumb.jpg','59','54','For position only',null,'0');

CREATE TABLE `product_sections` (
  `id` int(11) NOT NULL auto_increment,
  `product_subcategory_id` int(11) default NULL,
  `position` int(11) default NULL,
  `section` varchar(255) default NULL,
  `short_desc` varchar(255) default NULL,
  `list_image` varchar(255) default NULL,
  `width` int(11) default NULL,
  `height` int(11) default NULL,
  `content` text,
  `active` tinyint(1) default NULL,
  PRIMARY KEY  (`id`)
) ENGINE=InnoDB AUTO_INCREMENT=4 DEFAULT CHARSET=latin1;

insert into `product_sections` values('1','5','1','Oil-Only Melt-Blown Polypropylene Sorbents',null,'oil_only_sorbents_thumb.jpg','59','54',null,'1'),
 ('2','5','2','Oil-Only Booms, Pillows & Socks',null,'booms_pill_sox_thumb.jpg','59','54',null,'1'),
 ('3','5','3','Oil-Only Accessories','Oil-Only Drum Top Pads, Drip Pans, Static Resistant Pads & Rolls','oil_only_accessories_thumb.jpg','59','54',null,'1');

CREATE TABLE `product_subcategories` (
  `id` int(11) NOT NULL auto_increment,
  `product_category_id` int(11) NOT NULL,
  `position` int(11) NOT NULL,
  `subcategory` varchar(255) NOT NULL,
  `active` tinyint(1) NOT NULL,
  `image` varchar(255) default NULL,
  `width` int(11) default NULL,
  `height` int(11) default NULL,
  `permalink` varchar(50) default NULL,
  `content` text,
  `short_desc` varchar(255) default NULL,
  PRIMARY KEY  (`id`)
) ENGINE=InnoDB AUTO_INCREMENT=14 DEFAULT CHARSET=latin1;

insert into `product_subcategories` values('1','1','1','Inland & Nearshore','1','category_image_fpo.gif','59','54','inland-nearshore','<a href=\"javascript:void(0);\" id=\"top\"></a>\n					<div style=\"margin: 20px 0; overflow: auto;\">\n						<img src=\"/images/inland_nearshore_booms.jpg\" width=\"280\" height=\"194\" alt=\"\" style=\"display: block; float: right;\" />\n						<h4 style=\"color: #000; font-size: .95em;\">6\" Containment Booms</h4>\n						<ul style=\"list-style: disc inside; margin-top: 20px; font-size: .875em;\">\n							<li><a href=\"#6x6\" title=\"\">6\" x 6\" Containment Boom</a></li>\n							<li><a href=\"#6x9\" title=\"\">6\" x 9\" Containment Boom</a></li>\n							<li><a href=\"#6x12\" title=\"\">6\" x 12\" Containment Boom</a></li>\n						</ul>\n					</div>\n					<div>\n						<a href=\"javascript:void(0);\" id=\"6x6\"></a>\n						<table cellpadding=\"4\" cellspacing=\"0\" border=\"0\" style=\"margin-bottom: 10px;\">\n							<tr>\n								<td><img src=\"/images/6x6_containment_boom.jpg\" width=\"166\" height=\"75\" alt=\"\" style=\"display: block; float: left; margin: 0 10px 10px 0;\" /></td>\n								<td>\n									<h4 style=\"color: #000;\">6\" x 6\" Containment Boom</h4>\n									<ul>\n										<li>6\" Diameter Flotation</li>\n										<li>6\" Skirt Depth</li>\n										<li>1/4\" / 5/16\" / 3/8\" Galvanized Chain Ballast</li>\n										<li>22 oz. / sq. yd. Jaton or 24 oz. / sq. yd Jaton Plus fabric: orange or yellow</li>\n										<li>Aluminum quick latch or slide couplers are recommended</li>\n									</ul>\n								</td>\n							</tr>\n						</table>\n						<h4 style=\"margin-bottom: 20px; font-size: 14px;\">ACME Boom &amp; Baffle Fabrics: <a href=\"/fabrics\" title=\"ACME Boom &amp; Baffle Fabrics\">Click here</a></h4>\n						<p><strong>Recommended Section Lengths:</strong> 50\' and 100\'</p>\n						<p><em><strong>Recommended Use:</strong></em> 6 x 6 booms are used in any one or more of these conditions: moderate wind, shallow water or moderate current.</p>\n						<h4 style=\"font-size: 14px;\">Request A Quote: <a href=\"/request_quote\" title=\"Request A Quote\">Click here</a></h4>\n						<a href=\"#top\" title=\"\" style=\"color: #124c92; font-size: 12px; margin-top: 10px\">[Top]</a>\n					</div>\n					\n					<div style=\"margin-top: 40px;\">\n						<a href=\"javascript:void(0);\" id=\"6x9\"></a>\n						<table cellpadding=\"4\" cellspacing=\"0\" border=\"0\" style=\"margin-bottom: 10px;\">\n							<tr>\n								<td><img src=\"/images/6x9_containment_boom.jpg\" width=\"170\" height=\"75\" alt=\"\" style=\"display: block; float: left; margin: 0 10px 10px 0;\" /></td>\n								<td>\n									<h4 style=\"color: #000;\">6\" x 9\" Containment Boom</h4>\n									<ul>\n										<li>6\" Diameter Flotation</li>\n										<li>9\" Skirt Depth</li>\n										<li>1/4\" / 5/16\" / 3/8\" Galvanized Chain Ballast</li>\n										<li>22 oz. / sq. yd. Jaton or 24 oz. / sq. yd Jaton Plus fabric: orange or yellow</li>\n										<li>Aluminum quick latch or slide couplers are recommended</li>\n									</ul>\n								</td>\n							</tr>\n						</table>\n						<h4 style=\"margin-bottom: 20px; font-size: 14px;\">ACME Boom &amp; Baffle Fabrics: <a href=\"/fabrics\" title=\"ACME Boom &amp; Baffle Fabrics\">Click here</a></h4>\n						<p><strong>Recommended Section Lengths:</strong> 50\' and 100\'</p>\n						<p><em><strong>Recommended Use:</strong></em> 6\" x 9\" booms are favored by clean-up contractors and end-users because they cover a broader spectrum of applications and conditions.</p>\n						<h4 style=\"font-size: 14px;\">Request A Quote: <a href=\"/request_quote\" title=\"Request A Quote\">Click here</a></h4>\n						<a href=\"#top\" title=\"\" style=\"color: #124c92; font-size: 12px; margin-top: 10px\">[Top]</a>\n					</div>\n					\n					<div style=\"margin: 40px 0; overflow: auto;\">\n						<a href=\"javascript:void(0);\" id=\"6x12\"></a>\n						<table cellpadding=\"4\" cellspacing=\"0\" border=\"0\" style=\"margin-bottom: 10px;\">\n							<tr>\n								<td><img src=\"/images/6x12_containment_boom.jpg\" width=\"170\" height=\"94\" alt=\"\" style=\"display: block; float: left; margin: 0 10px 10px 0;\" /></td>\n								<td>\n									<h4 style=\"color: #000;\">6\" x 12\" Containment Boom</h4>\n									<ul>\n										<li>6\" Diameter Flotation</li>\n										<li>12\" Skirt Depth</li>\n										<li>1/4\" / 5/16\" / 3/8\" Galvanized Chain Ballast</li>\n										<li>22 oz. / sq. yd. Jaton or 24 oz. / sq. yd Jaton Plus fabric: orange or yellow</li>\n										<li>Aluminum quick latch or slide couplers are recommended</li>\n									</ul>\n								</td>\n							</tr>\n						</table>\n						<h4 style=\"margin-bottom: 20px; font-size: 14px;\">ACME Boom &amp; Baffle Fabrics: <a href=\"/fabrics\" title=\"ACME Boom &amp; Baffle Fabrics\">Click here</a></h4>\n						<p><strong>Recommended Section Lengths:</strong> 50\' and 100\'</p>\n						<p><em><strong>Recommended Use:</strong></em> 6\" x 12\" booms are used on lakes or open bodies of water where wind creates significant wave action. Under normal conditions, total section lengths should not exceed 500\' without a top tension member</p>\n						<h4 style=\"font-size: 14px;\">Request A Quote: <a href=\"/request_quote\" title=\"Request A Quote\">Click here</a></h4>\n						<a href=\"#top\" title=\"\" style=\"color: #124c92; font-size: 12px; margin-top: 10px\">[Top]</a>\n					</div>','Pads, Rolls, Booms, Pillows, Socks & Accessories'),
 ('2','1','3','Offshore Containment Booms','1','category_image_fpo.gif','59','54','offshore-booms','<a href=\"javascript:void(0);\" id=\"top\"></a>\n					<div style=\"margin: 20px 0 60px 0; overflow: auto;\">\n						<img src=\"/images/ship_and_booms.jpg\" width=\"199\" height=\"139\" alt=\"\" style=\"display: block; float: right;\" />\n						<ul style=\"list-style: disc inside; font-size: .875em;\">\n							<li><a href=\"#8x12\" title=\"\">8\" x 12\" Containment Boom</a></li>\n							<li><a href=\"#8x24\" title=\"\">8\" x 24\" Containment Boom</a></li>\n							<li style=\"list-style: none;\">&nbsp;</li>\n							<li><a href=\"#10x24\" title=\"\">10\" x 24\" Containment Boom</a></li>\n							<li><a href=\"#10x36\" title=\"\">10\" x 36\" Containment Boom</a></li>\n							<li style=\"list-style: none;\">&nbsp;</li>\n							<li><a href=\"#12x24\" title=\"\">12\" x 24\" Containment Boom</a></li>\n							<li><a href=\"#12x36\" title=\"\">12\" x 36\" Containment Boom</a></li>\n						</ul>\n					</div>\n					<div>\n						<a id=\"8x12\"></a>\n						<img src=\"/images/8x12_containment_boom.jpg\" width=\"170\" height=\"117\" alt=\"\" style=\"display: block; float: left; margin: 0 10px 10px 0;\" />\n						<h4 style=\"color: #000;\">8\" x 12\" Containment Boom</h4>\n						<ul>\n							<li>8\"-Diameter Flotation</li>\n							<li>12\" Skirt Depth</li>\n							<li>1/4\" / 5/16\" / 3/8\" Galvanized Chain Ballast</li>\n							<li>22 oz. / sq. yd. Jaton or 24 oz. / sq. yd Jaton Plus fabric: orange or yellow</li>\n							<li>Aluminum quick latch or slide couplers are recommended</li>\n						</ul>\n						<h4 style=\"margin: 10px 0; font-size: 14px;\">ACME Boom &amp; Baffle Fabrics: <a href=\"/fabrics\" title=\"ACME Boom &amp; Baffle Fabrics\">Click here</a></h4>\n						<p><strong>Recommended Section Lengths:</strong> 50\' and 100\'</p>\n						<p><em><strong>Recommended Use:</strong></em> These booms are recommended for open waters, such as large lakes, bays, harbors or ocean environments. Top cable is recommended when several hundred feet are deployed. 3/8\" chain ballast is recommended when tidal flows or currents exist.</p>\n						<h4 style=\"font-size: 14px;\">Request A Quote: <a href=\"/request_quote\" title=\"Request A Quote\">Click here</a></h4>\n						<a href=\"#top\" title=\"\" style=\"color: #124c92; font-size: 12px; margin-top: 10px\">[Top]</a>\n					</div>\n					\n					<div style=\"margin-top: 40px; overflow: auto;\">\n						<a id=\"8x24\"></a>\n						<img src=\"/images/8x24_containment_boom.jpg\" width=\"172\" height=\"177\" alt=\"\" style=\"display: block; float: left; margin: 0 10px 10px 0;\" />\n						<h4 style=\"color: #000;\">8\" x 24\" Containment Boom</h4>\n						<ul>\n							<li>8\" Diameter Flotation</li>\n							<li>24\" Skirt Depth</li>\n							<li>1/4\" / 5/16\" / 3/8\" Galvanized Chain Ballast</li>\n							<li>22 oz. / sq. yd. Jaton or 24 oz. / sq. yd Jaton Plus fabric: orange or yellow</li>\n							<li>Aluminum quick latch or slide couplers are recommended</li>\n						</ul>\n						<h4 style=\"margin: 10px 0; font-size: 14px;\">ACME Boom &amp; Baffle Fabrics: <a href=\"/fabrics\" title=\"ACME Boom &amp; Baffle Fabrics\">Click here</a></h4>\n						<p><strong>Recommended Section Lengths:</strong> 50\' and 100\'</p>\n						<p><em><strong>Recommended Use:</strong></em> These booms are recommended for open waters, such as large lakes, bays, harbors or ocean environments. Top cable is recommended when several hundred feet are deployed. 3/8\" chain ballast is recommended when tidal flows or currents exist.</p>\n						<h4 style=\"font-size: 14px;\">Request A Quote: <a href=\"/request_quote\" title=\"Request A Quote\">Click here</a></h4>\n						<a href=\"#top\" title=\"\" style=\"color: #124c92; font-size: 12px; margin-top: 10px\">[Top]</a>\n					</div>\n					\n					<div style=\"margin-top: 40px; overflow: auto;\">\n						<a id=\"10x24\"></a>\n						<img src=\"/images/10x24_containment_boom.jpg\" width=\"170\" height=\"175\" alt=\"\" style=\"display: block; float: left; margin: 0 10px 10px 0;\" />\n						<h4 style=\"color: #000;\">10\" x 24\" Containment Boom</h4>\n						<ul>\n							<li>10\" Diameter Flotation</li>\n							<li>24\" Skirt Depth</li>\n							<li>1/4\" / 5/16\" / 3/8\" Galvanized Chain Ballast</li>\n							<li>22 oz. / sq. yd. Jaton or 24 oz. / sq. yd Jaton Plus fabric: orange or yellow</li>\n							<li>Aluminum quick latch or slide couplers are recommended</li>\n						</ul>\n						<h4 style=\"margin: 10px 0; font-size: 14px;\">ACME Boom &amp; Baffle Fabrics: <a href=\"/fabrics\" title=\"ACME Boom &amp; Baffle Fabrics\">Click here</a></h4>\n						<p><strong>Recommended Section Lengths:</strong> 50\' and 100\'</p>\n						<p><em><strong>Recommended Use:</strong></em> These booms are recommended for open waters, such as large lakes, bays, harbors or ocean environments. Top cable is recommended when several hundred feet are deployed. 3/8\" chain ballast is recommended when tidal flows or currents exist.</p>\n						<h4 style=\"font-size: 14px;\">Request A Quote: <a href=\"/request_quote\" title=\"Request A Quote\">Click here</a></h4>\n						<a href=\"#top\" title=\"\" style=\"color: #124c92; font-size: 12px; margin-top: 10px\">[Top]</a>\n					</div>\n					\n					<div style=\"margin-top: 40px; overflow: auto;\">\n						<a id=\"10x36\"></a>\n						<img src=\"/images/10x36_containment_boom.jpg\" width=\"170\" height=\"173\" alt=\"\" style=\"display: block; float: left; margin: 0 10px 10px 0;\" />\n						<h4 style=\"color: #000;\">10\" x 36\" Containment Boom</h4>\n						<ul>\n							<li>10\" Diameter Flotation</li>\n							<li>36\" Skirt Depth</li>\n							<li>1/4\" / 5/16\" / 3/8\" Galvanized Chain Ballast</li>\n							<li>22 oz. / sq. yd. Jaton or 24 oz. / sq. yd Jaton Plus fabric: orange or yellow</li>\n							<li>Aluminum quick latch or slide couplers are recommended</li>\n						</ul>\n						<h4 style=\"margin: 10px 0; font-size: 14px;\">ACME Boom &amp; Baffle Fabrics: <a href=\"/fabrics\" title=\"ACME Boom &amp; Baffle Fabrics\">Click here</a></h4>\n						<p><strong>Recommended Section Lengths:</strong> 50\' and 100\'</p>\n						<p><em><strong>Recommended Use:</strong></em> These booms are recommended for open waters, such as large lakes, bays, harbors or ocean environments. Top cable is recommended when several hundred feet are deployed. 3/8\" chain ballast is recommended when tidal flows or currents exist.</p>\n						<h4 style=\"font-size: 14px;\">Request A Quote: <a href=\"/request_quote\" title=\"Request A Quote\">Click here</a></h4>\n						<a href=\"#top\" title=\"\" style=\"color: #124c92; font-size: 12px; margin-top: 10px\">[Top]</a>\n					</div>\n					\n					<div style=\"margin-top: 40px; overflow: auto;\">\n						<a id=\"12x24\"></a>\n						<img src=\"/images/12x24_containment_boom.jpg\" width=\"170\" height=\"170\" alt=\"\" style=\"display: block; float: left; margin: 0 10px 10px 0;\" />\n						<h4 style=\"color: #000;\">12\" x 24\" Containment Boom</h4>\n						<ul>\n							<li>12\" Diameter Flotation</li>\n							<li>24\" Skirt Depth</li>\n							<li>1/4\" / 5/16\" / 3/8\" Galvanized Chain Ballast</li>\n							<li>22 oz. / sq. yd. Jaton or 24 oz. / sq. yd Jaton Plus fabric: orange or yellow</li>\n							<li>Aluminum quick latch or slide couplers are recommended</li>\n						</ul>\n						<h4 style=\"margin: 10px 0; font-size: 14px;\">ACME Boom &amp; Baffle Fabrics: <a href=\"/fabrics\" title=\"ACME Boom &amp; Baffle Fabrics\">Click here</a></h4>\n						<p><strong>Recommended Section Lengths:</strong> 50\' and 100\'</p>\n						<p><em><strong>Recommended Use:</strong></em> These booms are recommended for open waters, such as large lakes, bays, harbors or ocean environments. Top cable is recommended when several hundred feet are deployed. 3/8\" chain ballast is recommended when tidal flows or currents exist.</p>\n						<h4 style=\"font-size: 14px;\">Request A Quote: <a href=\"/request_quote\" title=\"Request A Quote\">Click here</a></h4>\n						<a href=\"#top\" title=\"\" style=\"color: #124c92; font-size: 12px; margin-top: 10px\">[Top]</a>\n					</div>\n					\n					<div style=\"margin-top: 40px; overflow: auto;\">\n						<a id=\"12x36\"></a>\n						<img src=\"/images/12x36_containment_boom.jpg\" width=\"170\" height=\"221\" alt=\"\" style=\"display: block; float: left; margin: 0 10px 10px 0;\" />\n						<h4 style=\"color: #000;\">12\" x 36\" Containment Boom</h4>\n						<ul>\n							<li>12\" Diameter Flotation</li>\n							<li>36\" Skirt Depth</li>\n							<li>1/4\" / 5/16\" / 3/8\" Galvanized Chain Ballast</li>\n							<li>22 oz. / sq. yd. Jaton or 24 oz. / sq. yd Jaton Plus fabric: orange or yellow</li>\n							<li>Aluminum quick latch or slide couplers are recommended</li>\n						</ul>\n						<h4 style=\"margin: 10px 0; font-size: 14px;\">ACME Boom &amp; Baffle Fabrics: <a href=\"/fabrics\" title=\"ACME Boom &amp; Baffle Fabrics\">Click here</a></h4>\n						<p><strong>Recommended Section Lengths:</strong> 50\' and 100\'</p>\n						<p><em><strong>Recommended Use:</strong></em> These booms are recommended for open waters, such as large lakes, bays, harbors or ocean environments. Top cable is recommended when several hundred feet are deployed. 3/8\" chain ballast is recommended when tidal flows or currents exist.</p>\n						<h4 style=\"font-size: 14px;\">Request A Quote: <a href=\"/request_quote\" title=\"Request A Quote\">Click here</a></h4>\n						<a href=\"#top\" title=\"\" style=\"color: #124c92; font-size: 12px; margin-top: 10px\">[Top]</a>\n					</div>',null),
 ('3','1','4','Boom Accessories','1','category_image_fpo.gif','59','54','boom-accessories',null,null),
 ('4','1','2','Cranberry Booms','1','category_image_fpo.gif','59','54','cranberry-booms','<p style=\"clear: right;\">\n<img src=\"/images/cranberry_boom_in_use.jpg\" alt=\"tbd\" style=\"display: block; float: right; margin: 0 0 20px 20px;\" />\n								4\" Diameter Flotation<br />\n								4\" Skirt Depth<br />\n								1/4\" Galvanized Chain Ballast<br />\n								Aluminum quick latch couplers with floats and stainless steel locking pins.<br />\n								Aluminum tow bridles to match up with the ends on the total boom.\n						</p>\n						<h4 style=\"color: #000; font-size: 14px;\">Recommended Section Lengths: <span class=\"normal\">50\' and 100\'</span></h4>\n						<p><strong>Recommended Use: </strong>4\" x 4\" cranberry booms are floating containment devices that corral floating cranberries on the water after harvesters have beaten the berries loose from the vines. Contained within the boom, the berries are pulled to shore at the most convenient point for recovery.  Booms allow berries on the water to be concentrated to a thickness of up to 4\" for more efficient recovery.\n</p>\n<p><a href=\"#\" title=\"\">Call or e-mail us for references.</a></p>\n						<h3><a href=\"/request_quote\" title=\"\">Request A Quote: Click here</a></h3>',null),
 ('5','3','1','Oil Only Sorbents','1','oil_only_sorbents_thumb.jpg','59','54','oil-only',null,null),
 ('6','3','2','Universal Aggressive / HazMat Sorbents','1','univ_haz_mat_thumb.jpg','59','54','universal-aggressive',null,'Pads, Rolls, Booms, Socks & Pillows'),
 ('7','3','3','Universal General Purpose','1','universal_gen_purpose_thumb.jpg','59','54','universal-general-purpose',null,'Socks, Industrial Rugs & Accessories'),
 ('8','3','4','Biodegradeable Sorbents','1','sorbents_biodegradeable_thumb.jpg','59','54','biodegradeable',null,'Cotton Pads & Rolls'),
 ('9','3','5','Particulate Sorbents','1','particulate_sorbents_thumb.jpg','59','54','spreadable-fiber',null,'ACME MiracleSorb'),
 ('10','3','6','Other Sorbents & Environmental Products','1','other_sorbents_thumb.jpg','59','54','other',null,'Viscous Snares / Pom-Poms, Drum Liners, Poly Sheeting, Poly Bags'),
 ('11','4','1','Oil Only Spill Kits','1','category_image_fpo.gif','59','54','oil-only-spill-kits',null,null),
 ('12','4','2','Universal Spill Kits','1','category_image_fpo.gif','59','54','universal-spill-kits',null,null),
 ('13','1','5','Perma-Boom','1','category_image_fpo.gif','59','54','perma-boom','<img class=\"large\" src=\"/images/perma_boom_large.jpg\" width=\"279\" height=\"233\" alt=\"\" />\n<p>Perma-Boom is a Permanent Floating Oil Spill Barrier specially designed and built for long-term service.</p>\n	<h4 style=\"color: #000;\">Containment Uses</h4>\n	<div id=\"features\">\n		<ul>\n			<li>Fuel docks</li>\n			<li>Offshore platforms</li>\n			<li>Shipyards</li>\n			<li>Refinery terminals</li>\n		</ul>\n		<ul>\n			<li>Cargo terminals</li>\n			<li>Dry docks</li>\n			<li>Ferry terminals</li>\n			<li>Marinas</li>\n		</ul>\n	</div>\n	<h5>Standard Sizes</h5>\n	<p>\n		24\" Width (Freeboard 11 / Skirt 13 ) x 100 Length<br />\n		36\" Width (Freeboard 12 / Skirt 24 ) x 100 Length<br />\n		Custom widths &amp; lengths available on request.\n	</p>\n	<a href=\"/fabrics\" title=\"Boom &amp; Baffle Fabrics\">Boom &amp; Baffle Fabrics</a>\n	<p>The standard Perma-Boom model is made of heavy-duty PVC belting, treated for resistance to sunlight and with marine growth-inhibitors.</p>\n	<p>For installations requiring high abrasion resistance, we also offer Polyurethane belting.</p>\n	<p>Black is the standard color for PVC belting; orange is the standard color for Polyurethane belting. Other colors are available by special order.</p>\n	<p>Flotation units are tough polyethylene shells impregnated with &#8220;<q>UVEX</q>&#8221;, an antioxidant and ultraviolet protection package that makes units exceptionally color-stable and highly resistant to UV-degradation. The standard color is International Orange. Other colors are available by special order.</p>\n	<p><strong>End-Connectors.</strong> Standard connectors are heavy-duty PVC in a universal slide design with &#8220;<q>TruGrip</q>&#8221; flanges or ASTM 0962-04 Quick-Latch Connectors (aluminum). Other connector types are available by special order.</p>\n	<p><strong>Ballast</strong> is provided by molded lead weights affixed to the skirt bottom.</p>\n	<p><strong>Stainless Steel Hardware.</strong> Standard attachment hardware for floats, ballast and end-connectors are stainless steel.</p>\n	<h6>Perma-Boom Specifications</h6>\n	<table class=\"categories\" cellpadding=\"4\" cellspacing=\"0\">\n		<tr>\n			<td class=\"image\"><img src=\"/images/pdf_fpo.jpg\" width=\"87\" height=\"97\" alt=\"\" /></td>\n			<td class=\"desc\"><a href=\"/downloads/perma_boom_24_specs.pdf\" title=\"Download a PDF for: Perma-Boom 24 inch Heavy-Duty PVC or Urethane - For Harbors, Ports, Dry Docks\">Perma-Boom 24\" Heavy-Duty PVC or Urethane - For Harbors, Ports, Dry Docks</a></td>\n		</tr>\n		<tr>\n			<td class=\"image\"><img src=\"/images/pdf_fpo.jpg\" width=\"87\" height=\"97\" alt=\"\" /></td>\n			<td class=\"desc\"><a href=\"/downloads/perma-boom_36_specs.pdf\" title=\"Download a PDF for: Perma-Boom 36 inch Heavy-Duty PVC or Urethane - Offshore, Harbors\">Perma-Boom 36\" Heavy-Duty PVC or Urethane - Offshore, Harbors</a></td>\n		</tr>\n	</table>\n	<a href=\"/support_services\" title=\"\">Complete Floating Barrier Service</a><br />\n	<p>Design, Installation, Maintenance &amp; Repair</p>\n	<a href=\"/request_quote\" title=\"Request A Quote - Perma-Boom 24\">Request A Quote - Perma-Boom 24\"</a><br />\n	<a href=\"/request_quote\" title=\"Request A Quote - Perma-Boom 36\">Request A Quote - Perma-Boom 36\"</a>',null);

CREATE TABLE `products` (
  `id` int(11) NOT NULL auto_increment,
  `position` int(11) NOT NULL,
  `product` varchar(255) NOT NULL,
  `alternate_title` varchar(255) default NULL,
  `price` decimal(8,2) default NULL,
  `content` text,
  `large_image` varchar(100) default NULL,
  `large_image_width` int(11) default NULL,
  `large_image_height` int(11) default NULL,
  `list_image` varchar(255) default NULL,
  `list_image_width` int(11) default NULL,
  `list_image_height` int(11) default NULL,
  `short_desc` varchar(255) default NULL,
  `dimensions` varchar(50) default NULL,
  `qty_per_pkg` varchar(50) default NULL,
  `show_cart` tinyint(1) default NULL,
  PRIMARY KEY  (`id`)
) ENGINE=InnoDB AUTO_INCREMENT=58 DEFAULT CHARSET=latin1;

insert into `products` values('1','1','Super Mini Boom',null,'0','<img src=\"/images/super_mini_boom_in_use.jpg\" alt=\"tbd\" style=\"display: block; float: right;\" />\n<img src=\"/images/4_inch_boom.jpg\" alt=\"tbd\" style=\"display: block; float: left; margin: 0 20px 20px 0; \" />\n						<p style=\"clear: right;\">\n								2-1/2\" Diameter Flotation<br />\n								4\" Skirt Depth<br />\n								1/4\" Galvanized Chain Ballast<br />\n								24 oz. / sq. yd. orange Jaton Plus fabric<br />\n								Poly Couplers available as an option <br />\n								Grommeted, reinforced ends are standard\n						</p>\n						<h4><a href=\"/fabrics\" title=\"\">ACME Boom &amp; Baffle Fabrics: Click here</a></h4>\n						<h4>Recommended Section Lengths: <span class=\"normal\">25\', 50\' and 100\'</span></h4>\n						<p><strong>Recommended Use: </strong>Super Mini Booms are recommended as sweeping devices to aid in the removal of oil on water when a prevailing wind or current does not exist or does not prevent efficient removal.\n						</p>\n						<p>\n						The Super Mini Boom is deployed around the oil and then moved to reduce the coverage area, increasing the oil thickness for more efficient recovery by a vacuum hose or floating skimmer.\n						</p>\n						<p>\n						Super Mini Booms are effective containment devices on small streams, creeks, stock ponds and low water areas.\n						</p>\n						<h3><a href=\"/request_quote\" title=\"\">Request A Quote: Click here</a></h3>',null,null,null,'category_image_fpo.gif','59','54','This text is for placement only','1\" x 4\" x 9\"','100 / Bale','0'),
 ('2','2','4\" Containment Booms','Inland & Nearshore','0','<a href=\"javascript:void(0);\" id=\"top\"></a>\n					<div style=\"margin: 20px 0; overflow: auto;\">\n						<img src=\"/images/4_inch_boom_in_use.jpg\" width=\"279\" height=\"196\" alt=\"\" style=\"display: block; float: right;\" />\n						<h4 style=\"color: #000; font-size: .95em;\">4\" Containment Booms</h4>\n						<ul style=\"list-style: disc inside; margin-top: 20px; font-size: .875em;\">\n							<li><a href=\"#4x6\" title=\"\">4\" x 6\" Containment Boom</a></li>\n							<li><a href=\"#4x9\" title=\"\">4\" x 9\" Containment Boom</a></li>\n						</ul>\n					</div>\n					<div>\n						<a href=\"javascript:void(0);\" id=\"4x6\"></a>\n						<table cellpadding=\"4\" cellspacing=\"0\" border=\"0\" style=\"margin-bottom: 10px;\">\n							<tr>\n								<td><img src=\"/images/4x6_containment_boom.jpg\" width=\"166\" height=\"59\" alt=\"\" style=\"display: block; float: left; margin: 0 10px 10px 0;\" /></td>\n								<td>\n									<h4 style=\"color: #000;\">4\" x 6\" Containment Boom</h4>\n									<ul>\n										<li>4\" Diameter Flotation</li>\n										<li>6\" Skirt Depth</li>\n										<li>1/4\" or 5/16\" Galvanized Chain Ballast</li>\n										<li>22 oz. / sq. yd. Jaton or 24 oz. / sq. yd Jaton Plus fabric: orange or yellow</li>\n										<li>Aluminum quick latch or slide couplers are recommended.</li>\n									</ul>\n								</td>\n							</tr>\n						</table>\n						<h4 style=\"margin-bottom: 20px; font-size: 14px;\">ACME Boom &amp; Baffle Fabrics: <a href=\"/fabrics\" title=\"ACME Boom &amp; Baffle Fabrics\">Click here</a></h4>\n						<p><strong>Recommended Section Lengths:</strong> 25\', 50\' and 100\'</p>\n						<p><em><strong>Recommended Use:</strong></em> 4\" x 6\" booms are floating containment devices for ponds, small lakes, streams, creeks and small rivers where strong currents or winds do not exist.</p>\n						<h4 style=\"font-size: 14px;\">Request A Quote: <a href=\"/request_quote\" title=\"Request A Quote\">Click here</a></h4>\n						<a href=\"#top\" title=\"\" style=\"color: #124c92; font-size: 12px; margin-top: 10px\">[Top]</a>\n					</div>\n					\n					<div style=\"margin: 40px 0 20px 0; overflow: auto;\">\n						<a href=\"javascript:void(0);\" id=\"4x9\"></a>\n						<table cellpadding=\"4\" cellspacing=\"0\" border=\"0\" style=\"margin-bottom: 10px;\">\n							<tr>\n								<td><img src=\"/images/4x9_containment_boom.jpg\" width=\"170\" height=\"75\" alt=\"\" style=\"display: block; float: left; margin: 0 10px 10px 0;\" /></td>\n								<td>\n									<h4 style=\"color: #000;\">4\" x 9\" Containment Boom</h4>\n									<ul>\n										<li>4\" Diameter Flotation</li>\n										<li>9\" Skirt Depth</li>\n										<li>1/4\" or 5/16\" Galvanized Chain Ballast</li>\n										<li>22 oz. / sq. yd. Jaton or 24 oz. / sq. yd Jaton Plus fabric: orange or yellow</li>\n										<li>Aluminum quick latch or slide couplers are recommended.</li>\n									</ul>\n								</td>\n							</tr>\n						</table>\n						<h4 style=\"margin-bottom: 20px; font-size: 14px;\">ACME Boom &amp; Baffle Fabrics: <a href=\"/fabrics\" title=\"ACME Boom &amp; Baffle Fabrics\">Click here</a></h4>\n						<p><strong>Recommended Section Lengths:</strong> 25\', 50\' and 100\'</p>\n						<p><em><strong>Recommended Use:</strong></em> 6\" x 9\" booms are favored by clean-up contractors and end-users because they cover a broader spectrum of applications and conditions.</p>\n						<h4 style=\"font-size: 14px;\">Request A Quote: <a href=\"/request_quote\" title=\"Request A Quote\">Click here</a></h4>\n						<a href=\"#top\" title=\"\" style=\"color: #124c92; font-size: 12px; margin-top: 10px\">[Top]</a>\n					</div>',null,null,null,'category_image_fpo.gif','59','54','This text is for placement only','1\" x 4\" x 9\"','100 / Bale','0'),
 ('3','3','6\" Containment Booms','Inland & Nearshore','0','<a href=\"javascript:void(0);\" id=\"top\"></a>\n					<div style=\"margin: 20px 0; overflow: auto;\">\n						<img src=\"/images/inland_nearshore_booms.jpg\" width=\"280\" height=\"194\" alt=\"\" style=\"display: block; float: right;\" />\n						<h4 style=\"color: #000; font-size: .95em;\">6\" Containment Booms</h4>\n						<ul style=\"list-style: disc inside; margin-top: 20px; font-size: .875em;\">\n							<li><a href=\"#6x6\" title=\"\">6\" x 6\" Containment Boom</a></li>\n							<li><a href=\"#6x9\" title=\"\">6\" x 9\" Containment Boom</a></li>\n							<li><a href=\"#6x12\" title=\"\">6\" x 12\" Containment Boom</a></li>\n						</ul>\n					</div>\n					<div>\n						<a href=\"javascript:void(0);\" id=\"6x6\"></a>\n						<table cellpadding=\"4\" cellspacing=\"0\" border=\"0\" style=\"margin-bottom: 10px;\">\n							<tr>\n								<td><img src=\"/images/6x6_containment_boom.jpg\" width=\"166\" height=\"75\" alt=\"\" style=\"display: block; float: left; margin: 0 10px 10px 0;\" /></td>\n								<td>\n									<h4 style=\"color: #000;\">6\" x 6\" Containment Boom</h4>\n									<ul>\n										<li>6\" Diameter Flotation</li>\n										<li>6\" Skirt Depth</li>\n										<li>1/4\" / 5/16\" / 3/8\" Galvanized Chain Ballast</li>\n										<li>22 oz. / sq. yd. Jaton or 24 oz. / sq. yd Jaton Plus fabric: orange or yellow</li>\n										<li>Aluminum quick latch or slide couplers are recommended</li>\n									</ul>\n								</td>\n							</tr>\n						</table>\n						<h4 style=\"margin-bottom: 20px; font-size: 14px;\">ACME Boom &amp; Baffle Fabrics: <a href=\"/fabrics\" title=\"ACME Boom &amp; Baffle Fabrics\">Click here</a></h4>\n						<p><strong>Recommended Section Lengths:</strong> 50\' and 100\'</p>\n						<p><em><strong>Recommended Use:</strong></em> 6 x 6 booms are used in any one or more of these conditions: moderate wind, shallow water or moderate current.</p>\n						<h4 style=\"font-size: 14px;\">Request A Quote: <a href=\"/request_quote\" title=\"Request A Quote\">Click here</a></h4>\n						<a href=\"#top\" title=\"\" style=\"color: #124c92; font-size: 12px; margin-top: 10px\">[Top]</a>\n					</div>\n					\n					<div style=\"margin-top: 40px;\">\n						<a href=\"javascript:void(0);\" id=\"6x9\"></a>\n						<table cellpadding=\"4\" cellspacing=\"0\" border=\"0\" style=\"margin-bottom: 10px;\">\n							<tr>\n								<td><img src=\"/images/6x9_containment_boom.jpg\" width=\"170\" height=\"75\" alt=\"\" style=\"display: block; float: left; margin: 0 10px 10px 0;\" /></td>\n								<td>\n									<h4 style=\"color: #000;\">6\" x 9\" Containment Boom</h4>\n									<ul>\n										<li>6\" Diameter Flotation</li>\n										<li>9\" Skirt Depth</li>\n										<li>1/4\" / 5/16\" / 3/8\" Galvanized Chain Ballast</li>\n										<li>22 oz. / sq. yd. Jaton or 24 oz. / sq. yd Jaton Plus fabric: orange or yellow</li>\n										<li>Aluminum quick latch or slide couplers are recommended</li>\n									</ul>\n								</td>\n							</tr>\n						</table>\n						<h4 style=\"margin-bottom: 20px; font-size: 14px;\">ACME Boom &amp; Baffle Fabrics: <a href=\"/fabrics\" title=\"ACME Boom &amp; Baffle Fabrics\">Click here</a></h4>\n						<p><strong>Recommended Section Lengths:</strong> 50\' and 100\'</p>\n						<p><em><strong>Recommended Use:</strong></em> 6\" x 9\" booms are favored by clean-up contractors and end-users because they cover a broader spectrum of applications and conditions.</p>\n						<h4 style=\"font-size: 14px;\">Request A Quote: <a href=\"/request_quote\" title=\"Request A Quote\">Click here</a></h4>\n						<a href=\"#top\" title=\"\" style=\"color: #124c92; font-size: 12px; margin-top: 10px\">[Top]</a>\n					</div>\n					\n					<div style=\"margin: 40px 0; overflow: auto;\">\n						<a href=\"javascript:void(0);\" id=\"6x12\"></a>\n						<table cellpadding=\"4\" cellspacing=\"0\" border=\"0\" style=\"margin-bottom: 10px;\">\n							<tr>\n								<td><img src=\"/images/6x12_containment_boom.jpg\" width=\"170\" height=\"94\" alt=\"\" style=\"display: block; float: left; margin: 0 10px 10px 0;\" /></td>\n								<td>\n									<h4 style=\"color: #000;\">6\" x 12\" Containment Boom</h4>\n									<ul>\n										<li>6\" Diameter Flotation</li>\n										<li>12\" Skirt Depth</li>\n										<li>1/4\" / 5/16\" / 3/8\" Galvanized Chain Ballast</li>\n										<li>22 oz. / sq. yd. Jaton or 24 oz. / sq. yd Jaton Plus fabric: orange or yellow</li>\n										<li>Aluminum quick latch or slide couplers are recommended</li>\n									</ul>\n								</td>\n							</tr>\n						</table>\n						<h4 style=\"margin-bottom: 20px; font-size: 14px;\">ACME Boom &amp; Baffle Fabrics: <a href=\"/fabrics\" title=\"ACME Boom &amp; Baffle Fabrics\">Click here</a></h4>\n						<p><strong>Recommended Section Lengths:</strong> 50\' and 100\'</p>\n						<p><em><strong>Recommended Use:</strong></em> 6\" x 12\" booms are used on lakes or open bodies of water where wind creates significant wave action. Under normal conditions, total section lengths should not exceed 500\' without a top tension member</p>\n						<h4 style=\"font-size: 14px;\">Request A Quote: <a href=\"/request_quote\" title=\"Request A Quote\">Click here</a></h4>\n						<a href=\"#top\" title=\"\" style=\"color: #124c92; font-size: 12px; margin-top: 10px\">[Top]</a>\n					</div>',null,null,null,'category_image_fpo.gif','59','54','This text is for placement only','1\" x 4\" x 9\"','100 / Bale','0'),
 ('4','4','8\" Containment Booms','Inland & Nearshore','0','<a href=\"javascript:void(0);\" id=\"top\"></a>\n					<div style=\"margin: 20px 0; overflow: auto;\">\n						<img src=\"/images/8_inch_boom_in_use.jpg\" width=\"280\" height=\"195\" alt=\"\" style=\"display: block; float: right;\" />\n						<h4 style=\"color: #000; font-size: .95em;\">8\" Containment Booms</h4>\n						<ul style=\"list-style: disc inside; margin-top: 20px; font-size: .875em;\">\n							<li><a href=\"#8x12\" title=\"\">8\" x 12\" Containment Boom</a></li>\n							<li><a href=\"#8x24\" title=\"\">8\" x 24\" Containment Boom</a></li>\n						</ul>\n					</div>\n					<div>\n						<a href=\"javascript:void(0);\" id=\"8x12\"></a>\n						<table cellpadding=\"4\" cellspacing=\"0\" border=\"0\" style=\"margin-bottom: 10px;\">\n							<tr>\n								<td><img src=\"/images/8x12_containment_boom.jpg\" width=\"170\" height=\"117\" alt=\"\" style=\"display: block; float: left; margin: 0 10px 10px 0;\" /></td>\n								<td>\n									<h4 style=\"color: #000;\">8\" x 12\" Containment Boom</h4>\n									<ul>\n										<li>8\" Diameter Flotation</li>\n										<li>12\" Skirt Depth</li>\n										<li>1/4\" / 5/16\" / 3/8\" Galvanized Chain Ballast</li>\n										<li>22 oz. / sq. yd. Jaton or 24 oz. / sq. yd Jaton Plus fabric: orange or yellow</li>\n										<li>Aluminum quick latch or slide couplers are recommended</li>\n									</ul>\n								</td>\n							</tr>\n						</table>\n						<h4 style=\"margin-bottom: 20px; font-size: 14px;\">ACME Boom &amp; Baffle Fabrics: <a href=\"/fabrics\" title=\"ACME Boom &amp; Baffle Fabrics\">Click here</a></h4>\n						<p><strong>Recommended Section Lengths:</strong> 50\' and 100\'</p>\n						<p><em><strong>Recommended Use:</strong></em> These booms are recommended for large lakes, bays or harbors. Top cable is recommended when several hundred feet are deployed. 3/8\" chain ballast is recommended when tidal flows or currents exist.</p>\n						<h4 style=\"font-size: 14px;\">Request A Quote: <a href=\"/request_quote\" title=\"Request A Quote\">Click here</a></h4>\n						<a href=\"#top\" title=\"\" style=\"color: #124c92; font-size: 12px; margin-top: 10px\">[Top]</a>\n					</div>\n					\n					<div style=\"margin: 40px 0 20px 0; overflow: auto;\">\n						<a href=\"javascript:void(0);\" id=\"4x9\"></a>\n						<table cellpadding=\"4\" cellspacing=\"0\" border=\"0\" style=\"margin-bottom: 10px;\">\n							<tr>\n								<td><img src=\"/images/4x9_containment_boom.jpg\" width=\"170\" height=\"75\" alt=\"\" style=\"display: block; float: left; margin: 0 10px 10px 0;\" /></td>\n								<td>\n									<h4 style=\"color: #000;\">8\" x 24\" Containment Boom</h4>\n									<ul>\n										<li>8\" Diameter Flotation</li>\n										<li>24\" Skirt Depth</li>\n										<li>1/4\" / 5/16\" / 3/8\" Galvanized Chain Ballast</li>\n										<li>22 oz. / sq. yd. Jaton or 24 oz. / sq. yd Jaton Plus fabric: orange or yellow</li>\n										<li>Aluminum quick latch or slide couplers are recommended.</li>\n									</ul>\n								</td>\n							</tr>\n						</table>\n						<h4 style=\"margin-bottom: 20px; font-size: 14px;\">ACME Boom &amp; Baffle Fabrics: <a href=\"/fabrics\" title=\"ACME Boom &amp; Baffle Fabrics\">Click here</a></h4>\n						<p><strong>Recommended Section Lengths:</strong> 50\' and 100\'</p>\n						<p><em><strong>Recommended Use:</strong></em> These booms are recommended for large lakes, bays or harbors. Top cable is recommended when several hundred feet are deployed. 3/8\" chain ballast is recommended when tidal flows or currents exist.</p>\n						<h4 style=\"font-size: 14px;\">Request A Quote: <a href=\"/request_quote\" title=\"Request A Quote\">Click here</a></h4>\n						<a href=\"#top\" title=\"\" style=\"color: #124c92; font-size: 12px; margin-top: 10px\">[Top]</a>\n					</div>',null,null,null,'category_image_fpo.gif','59','54','This text is for placement only','1\" x 4\" x 9\"','100 / Bale','0'),
 ('5','1','Acme A-100',null,'49.99','<p><img width=\"215\" height=\"169\" src=\"/images/acme_a100.jpg\" alt=\"Acme A-100\" />\n1\" x 4\" x 9\"<br />\n100 / Bale<br />\n<em>*In Stock &amp; Ready to Ship<br />\nSame-Day / Next-Day Delivery Within 50 Mi. of Tulsa, OK</em>\n</p>\n<ul>\n	<li>Pure melt-blown polypropylene fibers: the most cost-effective absorption technology today</li>\n	<li>Fast-wicking fibers absorb up to 25 times their weight in hydrocarbon</li>\n	<li>These durable, single-weight pads absorb petroleum based liquids, but never water</li>\n	<li>Ideal when you have to clean up oily spills or drips</li>\n	<li>Great for when you don&#8217;t need the extra absorbency or expense of a universal absorbent</li>\n	<li>Product is sold by net weight &mdash; Pad counts are approximate</li>\n</ul>\n<table cellpadding=\"4\" cellspacing=\"0\" border=\"0\" class=\"std\">\n	<tr>\n<td class=\"icon hasBorder\">\n<a title=\"Download the chemical compatibility guide in PDF format\" href=\"/downloads/ACME_ChemCompatibility.pdf\">\n<img width=\"56\" height=\"52\" src=\"/images/chem_compat_icon.jpg?1185942751\" alt=\"Chemical compatibility guide for Acme A-100\"/>\n</a>\n</td>\n<td>\n<a title=\"Download the chemical compatibility guide in PDF format\" href=\"/downloads/ACME_ChemCompatibility.pdf\">Chemical compatibility guide for Sorbents</a>\n</td>\n</tr>\n</table>','a100_fpo.jpg','215','184','a100_thumb.jpg','59','54','This text is for placement only','1\" x 4\" x 9\"','100 / Bale','1'),
 ('6','2','Acme A-100E',null,'0',null,null,null,null,'a100e_thumb.jpg','59','54','This text is for placement only','1\" x 4\" x 9\"','100 / Bale','0'),
 ('7','3','Acme A-200',null,'0',null,null,null,null,'a200_thumb.jpg','59','54','This text is for placement only','1\" x 4\" x 9\"','100 / Bale','0'),
 ('8','4','Acme A-50',null,'0',null,null,null,null,'a50_thumb.jpg','59','54','This text is for placement only','1\" x 4\" x 9\"','100 / Bale','0'),
 ('9','5','Acme A-150',null,'0',null,null,null,null,'a150_thumb.jpg','59','54','This text is for placement only','1\" x 4\" x 9\"','100 / Bale','0'),
 ('10','6','Acme A-152',null,'0',null,null,null,null,'a152_thumb.jpg','59','54','This text is for placement only','1\" x 4\" x 9\"','100 / Bale','0'),
 ('11','7','Acme SW-100',null,'0',null,null,null,null,'sw100_thumb.jpg','59','54','This text is for placement only','1\" x 4\" x 9\"','100 / Bale','0'),
 ('12','8','Acme B-510',null,'0',null,null,null,null,'category_image_fpo.gif','59','54','This text is for placement only','1\" x 4\" x 9\"','100 / Bale','0'),
 ('13','9','Acme B-540',null,'0',null,null,null,null,'category_image_fpo.gif','59','54','This text is for placement only','1\" x 4\" x 9\"','100 / Bale','0'),
 ('14','10','Acme B-810',null,'0',null,null,null,null,'category_image_fpo.gif','59','54','This text is for placement only','1\" x 4\" x 9\"','100 / Bale','0'),
 ('15','11','Acme PS-12',null,'0',null,null,null,null,'category_image_fpo.gif','59','54','This text is for placement only','1\" x 4\" x 9\"','100 / Bale','0'),
 ('16','12','Acme PS-10',null,'0',null,null,null,null,'category_image_fpo.gif','59','54','This text is for placement only','1\" x 4\" x 9\"','100 / Bale','0'),
 ('17','13','Acme SAK-PIL',null,'0',null,null,null,null,'category_image_fpo.gif','59','54','This text is for placement only','1\" x 4\" x 9\"','100 / Bale','0'),
 ('18','14','Acme BS-20',null,'0',null,null,null,null,'category_image_fpo.gif','59','54','This text is for placement only','1\" x 4\" x 9\"','100 / Bale','0'),
 ('19','15','Acme BPIL-10',null,'0',null,null,null,null,'category_image_fpo.gif','59','54','This text is for placement only','1\" x 4\" x 9\"','100 / Bale','0'),
 ('20','16','Acme Clay Sock-12',null,'0',null,null,null,null,'category_image_fpo.gif','59','54','This text is for placement only','1\" x 4\" x 9\"','100 / Bale','0'),
 ('21','1','Acme UP-100',null,'0',null,null,null,null,'category_image_fpo.gif','59','54','This text is for placement only','1\" x 4\" x 9\"','100 / Bale','0'),
 ('22','2','Acme UR-150',null,'0',null,null,null,null,'category_image_fpo.gif','59','54','This text is for placement only','1\" x 4\" x 9\"','100 / Bale','0'),
 ('23','3','Acme USR-150',null,'0',null,null,null,null,'category_image_fpo.gif','59','54','This text is for placement only','1\" x 4\" x 9\"','100 / Bale','0'),
 ('24','4','Acme UP-50',null,'0',null,null,null,null,'category_image_fpo.gif','59','54','This text is for placement only','1\" x 4\" x 9\"','100 / Bale','0'),
 ('25','5','Acme UB-510',null,'0',null,null,null,null,'category_image_fpo.gif','59','54','This text is for placement only','1\" x 4\" x 9\"','100 / Bale','0'),
 ('26','6','Acme UB-810',null,'0',null,null,null,null,'category_image_fpo.gif','59','54','This text is for placement only','1\" x 4\" x 9\"','100 / Bale','0'),
 ('27','7','Acme HAZ-SOC-10',null,'0',null,null,null,null,'category_image_fpo.gif','59','54','This text is for placement only','1\" x 4\" x 9\"','100 / Bale','0'),
 ('28','8','Acme HAZPIL-10',null,'0',null,null,null,null,'category_image_fpo.gif','59','54','This text is for placement only','1\" x 4\" x 9\"','100 / Bale','0'),
 ('29','1','Acme COT-100',null,'0',null,null,null,null,'category_image_fpo.gif','59','54','This text is for placement only','1\" x 4\" x 9\"','100 / Bale','0'),
 ('30','2','Acme COT-150',null,'0',null,null,null,null,'category_image_fpo.gif','59','54','This text is for placement only','1\" x 4\" x 9\"','100 / Bale','0'),
 ('31','1','Acme GS-4',null,'0',null,null,null,null,'category_image_fpo.gif','59','54','This text is for placement only','1\" x 4\" x 9\"','100 / Bale','0'),
 ('32','2','Acme GS-6',null,'0',null,null,null,null,'category_image_fpo.gif','59','54','This text is for placement only','1\" x 4\" x 9\"','100 / Bale','0'),
 ('33','3','Acme GS-8',null,'0',null,null,null,null,'category_image_fpo.gif','59','54','This text is for placement only','1\" x 4\" x 9\"','100 / Bale','0'),
 ('34','4','Acme GS-10',null,'0',null,null,null,null,'category_image_fpo.gif','59','54','This text is for placement only','1\" x 4\" x 9\"','100 / Bale','0'),
 ('35','5','Acme GS-20',null,'0',null,null,null,null,'category_image_fpo.gif','59','54','This text is for placement only','1\" x 4\" x 9\"','100 / Bale','0'),
 ('36','6','Acme IR-300',null,'0',null,null,null,null,'category_image_fpo.gif','59','54','This text is for placement only','1\" x 4\" x 9\"','100 / Bale','0'),
 ('37','7','Acme IR-150',null,'0',null,null,null,null,'category_image_fpo.gif','59','54','This text is for placement only','1\" x 4\" x 9\"','100 / Bale','0'),
 ('38','8','Acme SIR-300',null,'0',null,null,null,null,'category_image_fpo.gif','59','54','This text is for placement only','1\" x 4\" x 9\"','100 / Bale','0'),
 ('39','9','Acme RRUG-150',null,'0',null,null,null,null,'category_image_fpo.gif','59','54','This text is for placement only','1\" x 4\" x 9\"','100 / Bale','0'),
 ('40','10','Acme PBIR-150',null,'0',null,null,null,null,'category_image_fpo.gif','59','54','This text is for placement only','1\" x 4\" x 9\"','100 / Bale','0'),
 ('41','11','Acme INDSQ-100',null,'0',null,null,null,null,'category_image_fpo.gif','59','54','This text is for placement only','1\" x 4\" x 9\"','100 / Bale','0'),
 ('42','12','Acme UDTP-25',null,'0',null,null,null,null,'category_image_fpo.gif','59','54','This text is for placement only','1\" x 4\" x 9\"','100 / Bale','0'),
 ('43','13','Acme UDP-12',null,'0',null,null,null,null,'category_image_fpo.gif','59','54','This text is for placement only','1\" x 4\" x 9\"','100 / Bale','0'),
 ('44','1','MiracleSorb-Plain',null,'0',null,null,null,null,'category_image_fpo.gif','59','54','This text is for placement only','1\" x 4\" x 9\"','100 / Bale','0'),
 ('45','2','MiracleSorb-NE',null,'0',null,null,null,null,'category_image_fpo.gif','59','54','This text is for placement only','1\" x 4\" x 9\"','100 / Bale','0'),
 ('46','3','MiracleSorb-Micro NE',null,'0',null,null,null,null,'category_image_fpo.gif','59','54','This text is for placement only','1\" x 4\" x 9\"','100 / Bale','0'),
 ('47','1','Acme SNARE-30',null,'0',null,null,null,null,'category_image_fpo.gif','59','54','This text is for placement only','1\" x 4\" x 9\"','100 / Bale','0'),
 ('48','2','Acme VISSNARE',null,'0',null,null,null,null,'category_image_fpo.gif','59','54','This text is for placement only','1\" x 4\" x 9\"','100 / Bale','0'),
 ('49','3','Acme DLIN-5.5',null,'0',null,null,null,null,'category_image_fpo.gif','59','54','This text is for placement only','1\" x 4\" x 9\"','100 / Bale','0'),
 ('50','4','Acme PSHEET',null,'0',null,null,null,null,'category_image_fpo.gif','59','54','This text is for placement only','1\" x 4\" x 9\"','100 / Bale','0'),
 ('51','5','Acme PDBAG-75',null,'0',null,null,null,null,'category_image_fpo.gif','59','54','This text is for placement only','1\" x 4\" x 9\"','100 / Bale','0'),
 ('52','1','Acme ODTP-25',null,'0',null,null,null,null,'category_image_fpo.gif','59','54','This text is for placement only','1\" x 4\" x 9\"','100 / Bale','0'),
 ('53','1','Acme ODP-12',null,'0',null,null,null,null,'category_image_fpo.gif','59','54','This text is for placement only','1\" x 4\" x 9\"','100 / Bale','0'),
 ('54','1','Acme ASTAT-100',null,'0',null,null,null,null,'category_image_fpo.gif','59','54','This text is for placement only','1\" x 4\" x 9\"','100 / Bale','0'),
 ('55','1','Acme ASTAT-25',null,'0',null,null,null,null,'category_image_fpo.gif','59','54','This text is for placement only','1\" x 4\" x 9\"','100 / Bale','0'),
 ('56','1','Acme ASTAT-144',null,'0',null,null,null,null,'category_image_fpo.gif','59','54','This text is for placement only','1\" x 4\" x 9\"','100 / Bale','0'),
 ('57','1','Acme HAZ-SOC-12',null,'0',null,null,null,null,'category_image_fpo.gif','59','54','This text is for placement only','1\" x 4\" x 9\"','100 / Bale','0');

CREATE TABLE `schema_info` (
  `version` int(11) default NULL
) ENGINE=MyISAM DEFAULT CHARSET=latin1;

insert into `schema_info` values('29');

CREATE TABLE `section_products` (
  `id` int(11) NOT NULL auto_increment,
  `product_section_id` int(11) NOT NULL,
  `product_id` int(11) NOT NULL,
  PRIMARY KEY  (`id`)
) ENGINE=InnoDB AUTO_INCREMENT=22 DEFAULT CHARSET=latin1;

insert into `section_products` values('1','1','5'),
 ('2','1','6'),
 ('3','1','7'),
 ('4','1','8'),
 ('5','1','9'),
 ('6','1','10'),
 ('7','1','11'),
 ('8','2','12'),
 ('9','2','13'),
 ('10','2','14'),
 ('11','2','15'),
 ('12','2','16'),
 ('13','2','17'),
 ('14','2','18'),
 ('15','2','19'),
 ('16','2','20'),
 ('17','3','52'),
 ('18','3','53'),
 ('19','3','54'),
 ('20','3','55'),
 ('21','3','56');

CREATE TABLE `subcategory_accessories` (
  `id` int(11) NOT NULL auto_increment,
  `product_subcategory_id` int(11) NOT NULL,
  `accessory_id` int(11) NOT NULL,
  `position` int(11) default NULL,
  PRIMARY KEY  (`id`)
) ENGINE=InnoDB DEFAULT CHARSET=latin1;


CREATE TABLE `subcategory_products` (
  `id` int(11) NOT NULL auto_increment,
  `product_subcategory_id` int(11) NOT NULL,
  `product_id` int(11) NOT NULL,
  `position` int(11) default NULL,
  `permalink` varchar(50) default NULL,
  PRIMARY KEY  (`id`)
) ENGINE=InnoDB AUTO_INCREMENT=58 DEFAULT CHARSET=latin1;

insert into `subcategory_products` values('1','1','1','1','super-mini-boom'),
 ('2','1','2','2',null),
 ('3','1','3','3',null),
 ('4','1','4','4',null),
 ('5','99','5','1',null),
 ('6','99','6','2',null),
 ('7','99','7','3',null),
 ('8','99','8','4',null),
 ('9','99','9','5',null),
 ('10','99','10','6',null),
 ('11','99','11','7',null),
 ('12','99','12','8',null),
 ('13','99','13','9',null),
 ('14','99','14','10',null),
 ('15','99','15','11',null),
 ('16','99','16','12',null),
 ('17','99','17','13',null),
 ('18','99','19','14',null),
 ('19','99','20','15',null),
 ('20','99','52','16',null),
 ('21','99','53','17',null),
 ('22','99','54','18',null),
 ('23','99','55','19',null),
 ('24','99','56','20',null),
 ('25','6','21','1',null),
 ('26','6','22','2',null),
 ('27','6','23','3',null),
 ('28','6','24','4',null),
 ('29','6','25','5',null),
 ('30','6','26','6',null),
 ('31','6','57','7',null),
 ('32','6','27','8',null),
 ('33','6','28','9',null),
 ('34','7','31','1',null),
 ('35','7','32','2',null),
 ('36','7','33','3',null),
 ('37','7','34','4',null),
 ('38','7','35','5',null),
 ('39','7','20','6',null),
 ('40','7','36','7',null),
 ('41','7','37','8',null),
 ('42','7','38','9',null),
 ('43','7','39','10',null),
 ('44','7','40','11',null),
 ('45','7','41','12',null),
 ('46','7','42','13',null),
 ('47','7','43','14',null),
 ('48','8','29','1',null),
 ('49','8','30','2',null),
 ('50','9','44','1',null),
 ('51','9','45','2',null),
 ('52','9','46','3',null),
 ('53','10','47','1',null),
 ('54','10','48','2',null),
 ('55','10','49','3',null),
 ('56','10','50','4',null),
 ('57','10','51','5',null);

SET FOREIGN_KEY_CHECKS = 1;
